{"cameraMode":{"drawMode":0,"name":"Shaded","section":"Shading Mode"},"sceneLighting":false,"audioPlay":false,"sceneViewState":{"m_AlwaysRefresh":false,"showFog":true,"showSkybox":false,"showFlares":true,"showImageEffects":true,"showParticleSystems":true,"showVisualEffectGraphs":true,"m_FxEnabled":true},"in2DMode":false,"pivot":{"x":-0.27583515644073489,"y":0.7584540843963623,"z":-0.7259467244148254},"rotation":{"x":-0.34597936272621157,"y":-0.6060476303100586,"z":0.3297438323497772,"w":-0.6358439922332764},"size":1.8432542085647584,"orthographic":false}