{"cameraMode":{"drawMode":0,"name":"Shaded","section":"Shading Mode"},"sceneLighting":true,"audioPlay":false,"sceneViewState":{"m_AlwaysRefresh":false,"showFog":true,"showSkybox":true,"showFlares":true,"showImageEffects":true,"showParticleSystems":true,"showVisualEffectGraphs":true,"m_FxEnabled":true},"in2DMode":false,"pivot":{"x":424.9776306152344,"y":577.2400512695313,"z":16.2137451171875},"rotation":{"x":-0.000172704691067338,"y":-0.9997812509536743,"z":-0.021000025793910028,"w":0.009321276098489762},"size":468.15399169921877,"orthographic":false}