{"cameraMode":{"drawMode":0,"name":"Shaded","section":"Shading Mode"},"sceneLighting":false,"audioPlay":false,"sceneViewState":{"m_AlwaysRefresh":false,"showFog":true,"showSkybox":false,"showFlares":true,"showImageEffects":true,"showParticleSystems":true,"showVisualEffectGraphs":true,"m_FxEnabled":true},"in2DMode":false,"pivot":{"x":0.5991812944412231,"y":2.15977144241333,"z":0.23501980304718018},"rotation":{"x":-0.3760002553462982,"y":0.26492390036582949,"z":-0.11310530453920365,"w":-0.8807202577590942},"size":3.1910393238067629,"orthographic":false}